{
  "declared_minimum_practical_effect_before_test": {
    "mrr_absolute": 0.03,
    "ndcg_at_10_absolute": 0.03
  },
  "selection": {
    "split": "dev",
    "top_n": 10,
    "weight": 0.05,
    "metrics": {
      "query_count": 56,
      "answerable_count": 51,
      "recall_at_5": 0.9411764705882353,
      "recall_at_10": 0.9803921568627451,
      "recall_at_20": 0.9803921568627451,
      "precision_at_5": 0.2,
      "mrr": 0.8804466230936819,
      "ndcg_at_10": 0.9038440093349357,
      "map": 0.8804466230936819,
      "citation_document_accuracy": 0.8235294117647058,
      "citation_provision_accuracy": 0.803921568627451,
      "no_answer_false_positive_rate": 0.0,
      "no_answer_false_negative_rate": 0.0,
      "current_law_contamination": 0,
      "prompt_injection_pass_rate": 0.5,
      "latency_ms": {
        "p50": 0.0,
        "p95": 0.0,
        "p99": 0.0
      }
    }
  },
  "dev_grid": [
    {
      "top_n": 10,
      "weight": 0.05,
      "metrics": {
        "query_count": 56,
        "answerable_count": 51,
        "recall_at_5": 0.9411764705882353,
        "recall_at_10": 0.9803921568627451,
        "recall_at_20": 0.9803921568627451,
        "precision_at_5": 0.2,
        "mrr": 0.8804466230936819,
        "ndcg_at_10": 0.9038440093349357,
        "map": 0.8804466230936819,
        "citation_document_accuracy": 0.8235294117647058,
        "citation_provision_accuracy": 0.803921568627451,
        "no_answer_false_positive_rate": 0.0,
        "no_answer_false_negative_rate": 0.0,
        "current_law_contamination": 0,
        "prompt_injection_pass_rate": 0.5,
        "latency_ms": {
          "p50": 0.0,
          "p95": 0.0,
          "p99": 0.0
        }
      }
    },
    {
      "top_n": 10,
      "weight": 0.1,
      "metrics": {
        "query_count": 56,
        "answerable_count": 51,
        "recall_at_5": 0.9411764705882353,
        "recall_at_10": 0.9803921568627451,
        "recall_at_20": 0.9803921568627451,
        "precision_at_5": 0.2,
        "mrr": 0.8804466230936819,
        "ndcg_at_10": 0.9038440093349357,
        "map": 0.8804466230936819,
        "citation_document_accuracy": 0.8235294117647058,
        "citation_provision_accuracy": 0.803921568627451,
        "no_answer_false_positive_rate": 0.0,
        "no_answer_false_negative_rate": 0.0,
        "current_law_contamination": 0,
        "prompt_injection_pass_rate": 0.5,
        "latency_ms": {
          "p50": 0.0,
          "p95": 0.0,
          "p99": 0.0
        }
      }
    },
    {
      "top_n": 10,
      "weight": 0.2,
      "metrics": {
        "query_count": 56,
        "answerable_count": 51,
        "recall_at_5": 0.9411764705882353,
        "recall_at_10": 0.9803921568627451,
        "recall_at_20": 0.9803921568627451,
        "precision_at_5": 0.2,
        "mrr": 0.8804466230936819,
        "ndcg_at_10": 0.9038440093349357,
        "map": 0.8804466230936819,
        "citation_document_accuracy": 0.8235294117647058,
        "citation_provision_accuracy": 0.803921568627451,
        "no_answer_false_positive_rate": 0.0,
        "no_answer_false_negative_rate": 0.0,
        "current_law_contamination": 0,
        "prompt_injection_pass_rate": 0.5,
        "latency_ms": {
          "p50": 0.0,
          "p95": 0.0,
          "p99": 0.0
        }
      }
    },
    {
      "top_n": 10,
      "weight": 0.35,
      "metrics": {
        "query_count": 56,
        "answerable_count": 51,
        "recall_at_5": 0.9411764705882353,
        "recall_at_10": 0.9803921568627451,
        "recall_at_20": 0.9803921568627451,
        "precision_at_5": 0.2,
        "mrr": 0.8804466230936819,
        "ndcg_at_10": 0.9038440093349357,
        "map": 0.8804466230936819,
        "citation_document_accuracy": 0.8235294117647058,
        "citation_provision_accuracy": 0.803921568627451,
        "no_answer_false_positive_rate": 0.0,
        "no_answer_false_negative_rate": 0.0,
        "current_law_contamination": 0,
        "prompt_injection_pass_rate": 0.5,
        "latency_ms": {
          "p50": 0.0,
          "p95": 0.0,
          "p99": 0.0
        }
      }
    },
    {
      "top_n": 10,
      "weight": 0.5,
      "metrics": {
        "query_count": 56,
        "answerable_count": 51,
        "recall_at_5": 0.9411764705882353,
        "recall_at_10": 0.9803921568627451,
        "recall_at_20": 0.9803921568627451,
        "precision_at_5": 0.2,
        "mrr": 0.8709928415810768,
        "ndcg_at_10": 0.8953835975558622,
        "map": 0.8709928415810768,
        "citation_document_accuracy": 0.803921568627451,
        "citation_provision_accuracy": 0.7843137254901961,
        "no_answer_false_positive_rate": 0.0,
        "no_answer_false_negative_rate": 0.0,
        "current_law_contamination": 0,
        "prompt_injection_pass_rate": 0.5,
        "latency_ms": {
          "p50": 0.0,
          "p95": 0.0,
          "p99": 0.0
        }
      }
    },
    {
      "top_n": 15,
      "weight": 0.05,
      "metrics": {
        "query_count": 56,
        "answerable_count": 51,
        "recall_at_5": 0.9411764705882353,
        "recall_at_10": 0.9803921568627451,
        "recall_at_20": 0.9803921568627451,
        "precision_at_5": 0.2,
        "mrr": 0.8804466230936819,
        "ndcg_at_10": 0.9038440093349357,
        "map": 0.8804466230936819,
        "citation_document_accuracy": 0.8235294117647058,
        "citation_provision_accuracy": 0.803921568627451,
        "no_answer_false_positive_rate": 0.0,
        "no_answer_false_negative_rate": 0.0,
        "current_law_contamination": 0,
        "prompt_injection_pass_rate": 0.5,
        "latency_ms": {
          "p50": 0.0,
          "p95": 0.0,
          "p99": 0.0
        }
      }
    },
    {
      "top_n": 15,
      "weight": 0.1,
      "metrics": {
        "query_count": 56,
        "answerable_count": 51,
        "recall_at_5": 0.9411764705882353,
        "recall_at_10": 0.9803921568627451,
        "recall_at_20": 0.9803921568627451,
        "precision_at_5": 0.2,
        "mrr": 0.8804466230936819,
        "ndcg_at_10": 0.9038440093349357,
        "map": 0.8804466230936819,
        "citation_document_accuracy": 0.8235294117647058,
        "citation_provision_accuracy": 0.803921568627451,
        "no_answer_false_positive_rate": 0.0,
        "no_answer_false_negative_rate": 0.0,
        "current_law_contamination": 0,
        "prompt_injection_pass_rate": 0.5,
        "latency_ms": {
          "p50": 0.0,
          "p95": 0.0,
          "p99": 0.0
        }
      }
    },
    {
      "top_n": 15,
      "weight": 0.2,
      "metrics": {
        "query_count": 56,
        "answerable_count": 51,
        "recall_at_5": 0.9411764705882353,
        "recall_at_10": 0.9803921568627451,
        "recall_at_20": 0.9803921568627451,
        "precision_at_5": 0.2,
        "mrr": 0.8804466230936819,
        "ndcg_at_10": 0.9038440093349357,
        "map": 0.8804466230936819,
        "citation_document_accuracy": 0.8235294117647058,
        "citation_provision_accuracy": 0.803921568627451,
        "no_answer_false_positive_rate": 0.0,
        "no_answer_false_negative_rate": 0.0,
        "current_law_contamination": 0,
        "prompt_injection_pass_rate": 0.5,
        "latency_ms": {
          "p50": 0.0,
          "p95": 0.0,
          "p99": 0.0
        }
      }
    },
    {
      "top_n": 15,
      "weight": 0.35,
      "metrics": {
        "query_count": 56,
        "answerable_count": 51,
        "recall_at_5": 0.9411764705882353,
        "recall_at_10": 0.9803921568627451,
        "recall_at_20": 0.9803921568627451,
        "precision_at_5": 0.2,
        "mrr": 0.8804466230936819,
        "ndcg_at_10": 0.9038440093349357,
        "map": 0.8804466230936819,
        "citation_document_accuracy": 0.8235294117647058,
        "citation_provision_accuracy": 0.803921568627451,
        "no_answer_false_positive_rate": 0.0,
        "no_answer_false_negative_rate": 0.0,
        "current_law_contamination": 0,