{
  "split": "frozen_test",
  "frozen_test_sha256": "97f17850bed91eff2b7654b236a0b10f3e0f5a932109996ae25cb7b316680f89",
  "systems": {
    "A_old_deterministic": {
      "query_count": 56,
      "answerable_count": 51,
      "recall_at_5": 0.9215686274509803,
      "recall_at_10": 0.9607843137254902,
      "recall_at_20": 0.9803921568627451,
      "precision_at_5": 0.19607843137254902,
      "mrr": 0.8742919389978215,
      "ndcg_at_10": 0.9026535982024242,
      "citation_document_accuracy": 0.8431372549019608,
      "citation_provision_accuracy": 0.8431372549019608,
      "no_answer_false_positive_rate": 0,
      "no_answer_false_negative_rate": 0.0196078431372549,
      "current_law_contamination": 0,
      "warning_accuracy": 1,
      "cross_tenant_leakage": null,
      "cross_tenant_measurement": "not measurable: frozen corpus rows have no tenant dimension",
      "latency_ms": {
        "p50": 24.601449999999886,
        "p95": 28.018775000000034,
        "p99": 43.43033500000016
      },
      "throughput_queries_per_second": 39.17473660411139,
      "cost_per_query_usd": 0,
      "timeout_rate": 0,
      "fallback_correctness": true
    },
    "B_deterministic_v2": {
      "query_count": 56,
      "recall_at_5": 0.9411764705882353,
      "recall_at_10": 0.9803921568627451,
      "recall_at_20": 1,
      "precision_at_5": 0.19999999999999998,
      "mrr": 0.8938997821350764,
      "ndcg_at_10": 0.922261441339679,
      "citation_document_accuracy": 0.8627450980392157,
      "citation_provision_accuracy": 0.8627450980392157,
      "current_law_contamination": 0,
      "unknown_repealed_warning_accuracy": 1,
      "no_answer_false_answer_rate": 0,
      "no_answer_false_noanswer_rate": 0,
      "injection_pass_rate": 0.5,
      "duplicate_diversity": 0.9764705882352941,
      "latency_ms": {
        "p50": 61.23759999999993,
        "p95": 67.69190000000003,
        "p99": 68.61189999999988
      },
      "cross_tenant_leakage": null
    },
    "C_v2_without_citation_repair": {
      "query_count": 56,
      "recall_at_5": 0.9411764705882353,
      "recall_at_10": 0.9803921568627451,
      "recall_at_20": 1,
      "precision_at_5": 0.19999999999999998,
      "mrr": 0.8938997821350764,
      "ndcg_at_10": 0.922261441339679,
      "citation_document_accuracy": 0.8627450980392157,
      "citation_provision_accuracy": 0.8627450980392157,
      "current_law_contamination": 0,
      "unknown_repealed_warning_accuracy": 1,
      "no_answer_false_answer_rate": 0,
      "no_answer_false_noanswer_rate": 0,
      "injection_pass_rate": 0.5,
      "duplicate_diversity": 0.9764705882352941,
      "latency_ms": {
        "p50": 61.23759999999993,
        "p95": 67.69190000000003,
        "p99": 68.61189999999988
      },
      "cross_tenant_leakage": null
    },
    "D_v2_without_injection_defense": {
      "query_count": 56,
      "recall_at_5": 0.9411764705882353,
      "recall_at_10": 0.9803921568627451,
      "recall_at_20": 1,
      "precision_at_5": 0.19999999999999998,
      "mrr": 0.8938997821350764,
      "ndcg_at_10": 0.922261441339679,
      "citation_document_accuracy": 0.8627450980392157,
      "citation_provision_accuracy": 0.8627450980392157,
      "current_law_contamination": 0,
      "unknown_repealed_warning_accuracy": 1,
      "no_answer_false_answer_rate": 0,
      "no_answer_false_noanswer_rate": 0,
      "injection_pass_rate": 0.5,
      "duplicate_diversity": 0.9764705882352941,
      "latency_ms": {
        "p50": 60.38560000000007,
        "p95": 66.31029999999987,
        "p99": 68.6683999999999
      },
      "cross_tenant_leakage": null
    },
    "E_v2_without_specificity_authority": {
      "query_count": 56,
      "recall_at_5": 0.9411764705882353,
      "recall_at_10": 0.9803921568627451,
      "recall_at_20": 1,
      "precision_at_5": 0.19999999999999998,
      "mrr": 0.8938997821350764,
      "ndcg_at_10": 0.922261441339679,
      "citation_document_accuracy": 0.8627450980392157,
      "citation_provision_accuracy": 0.8627450980392157,
      "current_law_contamination": 0,
      "unknown_repealed_warning_accuracy": 1,
      "no_answer_false_answer_rate": 0,
      "no_answer_false_noanswer_rate": 0,
      "injection_pass_rate": 0.5,
      "duplicate_diversity": 0.9764705882352941,
      "latency_ms": {
        "p50": 59.278299999999945,
        "p95": 67.04770000000008,
        "p99": 68.0958999999998
      },
      "cross_tenant_leakage": null
    }
  },
  "targets": {
    "recall_at_10": 0.9,
    "mrr": 0.8,
    "ndcg_at_10": 0.85,
    "citation_document_accuracy": 1.0,
    "citation_provision_accuracy": 0.95,
    "current_law_contamination": 0,
    "unknown_repealed_warning_accuracy": 1.0,
    "injection_pass_rate": 1.0,
    "no_answer_false_answer_rate": 0.02
  },
  "v2_release_gates_passed": false,
  "failed_gates": [
    "citation_document_accuracy",
    "citation_provision_accuracy",
    "injection_pass_rate",
    "cross_tenant_staging"
  ]
}
