{
  "split": "dev",
  "test_used": false,
  "baseline_v2": {
    "query_count": 56,
    "recall_at_5": 0.9411764705882353,
    "recall_at_10": 0.9803921568627451,
    "recall_at_20": 0.9803921568627451,
    "precision_at_5": 0.19999999999999998,
    "mrr": 0.880446623093682,
    "ndcg_at_10": 0.9162151809735918,
    "citation_document_accuracy": 0.8235294117647058,
    "citation_provision_accuracy": 0.8235294117647058,
    "current_law_contamination": 0,
    "unknown_repealed_warning_accuracy": 1,
    "no_answer_false_answer_rate": 0,
    "no_answer_false_noanswer_rate": 0,
    "injection_pass_rate": 0.5,
    "duplicate_diversity": 0.9666666666666665,
    "latency_ms": {
      "p50": 60.33780000000024,
      "p95": 68.23249999999996,
      "p99": 68.64789999999994
    },
    "cross_tenant_leakage": null
  },
  "ablations": {
    "without_identifier": {
      "query_count": 56,
      "recall_at_5": 0.9411764705882353,
      "recall_at_10": 0.9803921568627451,
      "recall_at_20": 0.9803921568627451,
      "precision_at_5": 0.19999999999999998,
      "mrr": 0.880446623093682,
      "ndcg_at_10": 0.9162151809735918,
      "citation_document_accuracy": 0.8235294117647058,
      "citation_provision_accuracy": 0.8235294117647058,
      "current_law_contamination": 0,
      "unknown_repealed_warning_accuracy": 1,
      "no_answer_false_answer_rate": 0,
      "no_answer_false_noanswer_rate": 0,
      "injection_pass_rate": 0.5,
      "duplicate_diversity": 0.9666666666666665,
      "latency_ms": {
        "p50": 64.12649999999985,
        "p95": 70.10050000000001,
        "p99": 73.00370000000021
      },
      "cross_tenant_leakage": null
    },
    "without_specificity_authority": {
      "query_count": 56,
      "recall_at_5": 0.9411764705882353,
      "recall_at_10": 0.9803921568627451,
      "recall_at_20": 0.9803921568627451,
      "precision_at_5": 0.19999999999999998,
      "mrr": 0.880446623093682,
      "ndcg_at_10": 0.9162151809735918,
      "citation_document_accuracy": 0.8235294117647058,
      "citation_provision_accuracy": 0.8235294117647058,
      "current_law_contamination": 0,
      "unknown_repealed_warning_accuracy": 1,
      "no_answer_false_answer_rate": 0,
      "no_answer_false_noanswer_rate": 0,
      "injection_pass_rate": 0.5,
      "duplicate_diversity": 0.9666666666666665,
      "latency_ms": {
        "p50": 61.94849999999997,
        "p95": 68.5,
        "p99": 70.20279999999991
      },
      "cross_tenant_leakage": null
    },
    "without_status_temporal": {
      "query_count": 56,
      "recall_at_5": 0.9411764705882353,
      "recall_at_10": 0.9803921568627451,
      "recall_at_20": 0.9803921568627451,
      "precision_at_5": 0.19999999999999998,
      "mrr": 0.880446623093682,
      "ndcg_at_10": 0.9162151809735918,
      "citation_document_accuracy": 0.8235294117647058,
      "citation_provision_accuracy": 0.8235294117647058,
      "current_law_contamination": 0,
      "unknown_repealed_warning_accuracy": 1,
      "no_answer_false_answer_rate": 0,
      "no_answer_false_noanswer_rate": 0,
      "injection_pass_rate": 0.5,
      "duplicate_diversity": 0.9666666666666665,
      "latency_ms": {
        "p50": 63.05340000000024,
        "p95": 70.34810000000004,
        "p99": 72.80949999999996
      },
      "cross_tenant_leakage": null
    },
    "without_duplicate_collapse": {
      "query_count": 56,
      "recall_at_5": 0.9411764705882353,
      "recall_at_10": 0.9803921568627451,
      "recall_at_20": 0.9803921568627451,
      "precision_at_5": 0.19999999999999998,
      "mrr": 0.880446623093682,
      "ndcg_at_10": 0.9162151809735918,
      "citation_document_accuracy": 0.8235294117647058,
      "citation_provision_accuracy": 0.8235294117647058,
      "current_law_contamination": 0,
      "unknown_repealed_warning_accuracy": 1,
      "no_answer_false_answer_rate": 0,
      "no_answer_false_noanswer_rate": 0,
      "injection_pass_rate": 0.5,
      "duplicate_diversity": 0.9666666666666665,
      "latency_ms": {
        "p50": 58.359500000000025,
        "p95": 66.99990000000003,
        "p99": 68.43039999999996
      },
      "cross_tenant_leakage": null
    },
    "without_injection": {
      "query_count": 56,
      "recall_at_5": 0.9411764705882353,
      "recall_at_10": 0.9803921568627451,
      "recall_at_20": 0.9803921568627451,
      "precision_at_5": 0.19999999999999998,
      "mrr": 0.880446623093682,
      "ndcg_at_10": 0.9162151809735918,
      "citation_document_accuracy": 0.8235294117647058,
      "citation_provision_accuracy": 0.8235294117647058,
      "current_law_contamination": 0,
      "unknown_repealed_warning_accuracy": 1,
      "no_answer_false_answer_rate": 0,
      "no_answer_false_noanswer_rate": 0,
      "injection_pass_rate": 0.5,
      "duplicate_diversity": 0.9666666666666665,
      "latency_ms": {
        "p50": 63.983000000000175,
        "p95": 71.72710000000006,
        "p99": 73.85079999999994
      },
      "cross_tenant_leakage": null
    }
  },
  "conclusion": "Trusted provision/version/source metadata is absent in the shadow corpus, so most V2 feature ablations are neutral; this is a measured data blocker, not evidence that the features are unnecessary."
}
