{
  "dataset": "frozen_test",
  "variants": {
    "without_v3_provision_lane": {
      "query_count": 56,
      "recall_at_5": 0.9411764705882353,
      "recall_at_10": 0.9803921568627451,
      "recall_at_20": 1,
      "precision_at_5": 0.19999999999999998,
      "mrr": 0.8941176470588237,
      "ndcg_at_10": 0.9224960525033279,
      "citation_document_accuracy": 0.8627450980392157,
      "citation_provision_accuracy": 0.8627450980392157,
      "current_law_contamination": 0,
      "unknown_repealed_warning_accuracy": 1,
      "no_answer_false_answer_rate": 0,
      "no_answer_false_noanswer_rate": 0,
      "injection_pass_rate": 0.5,
      "attack_success_rate": 0,
      "exact_provision_lookup_accuracy": 0,
      "title_document_number_accuracy": null,
      "duplicate_diversity": 0.9764705882352941,
      "latency_ms": {
        "p50": 53.853000000000065,
        "p95": 168.904,
        "p99": 200.72960000000057
      },
      "cross_tenant_leakage": null
    },
    "without_v3_metadata_confidence": {
      "query_count": 56,
      "recall_at_5": 0.9411764705882353,
      "recall_at_10": 0.9803921568627451,
      "recall_at_20": 1,
      "precision_at_5": 0.19999999999999998,
      "mrr": 0.8941176470588237,
      "ndcg_at_10": 0.9224960525033279,
      "citation_document_accuracy": 0.8627450980392157,
      "citation_provision_accuracy": 0.8627450980392157,
      "current_law_contamination": 0,
      "unknown_repealed_warning_accuracy": 1,
      "no_answer_false_answer_rate": 0,
      "no_answer_false_noanswer_rate": 0,
      "injection_pass_rate": 0.5,
      "attack_success_rate": 0,
      "exact_provision_lookup_accuracy": 0,
      "title_document_number_accuracy": null,
      "duplicate_diversity": 0.9764705882352941,
      "latency_ms": {
        "p50": 52.83549999999991,
        "p95": 166.59230000000002,
        "p99": 197.51879999999983
      },
      "cross_tenant_leakage": null
    },
    "without_v3_sanitizer": {
      "query_count": 56,
      "recall_at_5": 0.9411764705882353,
      "recall_at_10": 0.9803921568627451,
      "recall_at_20": 1,
      "precision_at_5": 0.19999999999999998,
      "mrr": 0.8941176470588237,
      "ndcg_at_10": 0.9224960525033279,
      "citation_document_accuracy": 0.8627450980392157,
      "citation_provision_accuracy": 0.8627450980392157,
      "current_law_contamination": 0,
      "unknown_repealed_warning_accuracy": 1,
      "no_answer_false_answer_rate": 0,
      "no_answer_false_noanswer_rate": 0,
      "injection_pass_rate": 0.5,
      "attack_success_rate": 0,
      "exact_provision_lookup_accuracy": 0,
      "title_document_number_accuracy": null,
      "duplicate_diversity": 0.9764705882352941,
      "latency_ms": {
        "p50": 46.53640000000041,
        "p95": 158.98880000000008,
        "p99": 195.26179999999977
      },
      "cross_tenant_leakage": null
    },
    "without_v3_instruction_penalty": {
      "query_count": 56,
      "recall_at_5": 0.9411764705882353,
      "recall_at_10": 0.9803921568627451,
      "recall_at_20": 1,
      "precision_at_5": 0.19999999999999998,
      "mrr": 0.8941176470588237,
      "ndcg_at_10": 0.9224960525033279,
      "citation_document_accuracy": 0.8627450980392157,
      "citation_provision_accuracy": 0.8627450980392157,
      "current_law_contamination": 0,
      "unknown_repealed_warning_accuracy": 1,
      "no_answer_false_answer_rate": 0,
      "no_answer_false_noanswer_rate": 0,
      "injection_pass_rate": 0.5,
      "attack_success_rate": 0,
      "exact_provision_lookup_accuracy": 0,
      "title_document_number_accuracy": null,
      "duplicate_diversity": 0.9764705882352941,
      "latency_ms": {
        "p50": 51.31759999999986,
        "p95": 155.88499999999976,
        "p99": 197.32850000000008
      },
      "cross_tenant_leakage": null
    },
    "without_v3_specificity": {
      "query_count": 56,
      "recall_at_5": 0.9411764705882353,
      "recall_at_10": 0.9803921568627451,
      "recall_at_20": 1,
      "precision_at_5": 0.19999999999999998,
      "mrr": 0.8941176470588237,
      "ndcg_at_10": 0.9224960525033279,
      "citation_document_accuracy": 0.8627450980392157,
      "citation_provision_accuracy": 0.8627450980392157,
      "current_law_contamination": 0,
      "unknown_repealed_warning_accuracy": 1,
      "no_answer_false_answer_rate": 0,
      "no_answer_false_noanswer_rate": 0,
      "injection_pass_rate": 0.5,
      "attack_success_rate": 0,
      "exact_provision_lookup_accuracy": 0,
      "title_document_number_accuracy": null,
      "duplicate_diversity": 0.9764705882352941,
      "latency_ms": {
        "p50": 51.86729999999989,
        "p95": 164.94619999999986,
        "p99": 201.65819999999985
      },
      "cross_tenant_leakage": null
    },
    "without_v3_authority": {
      "query_count": 56,
      "recall_at_5": 0.9411764705882353,
      "recall_at_10": 0.9803921568627451,
      "recall_at_20": 1,
      "precision_at_5": 0.19999999999999998,
      "mrr": 0.8941176470588237,
      "ndcg_at_10": 0.9224960525033279,
      "citation_document_accuracy": 0.8627450980392157,
      "citation_provision_accuracy": 0.8627450980392157,
      "current_law_contamination": 0,
      "unknown_repealed_warning_accuracy": 1,
      "no_answer_false_answer_rate": 0,
      "no_answer_false_noanswer_rate": 0,
      "injection_pass_rate": 0.5,
      "attack_success_rate": 0,
      "exact_provision_lookup_accuracy": 0,
      "title_document_number_accuracy": null,
      "duplicate_diversity": 0.9764705882352941,
      "latency_ms": {
        "p50": 51.16030000000001,
        "p95": 162.50860000000011,
        "p99": 201.66679999999997
      },
      "cross_tenant_leakage": null
    },
    "without_v3_duplicate_collapse": {
      "query_count": 56,
      "recall_at_5": 0.9411764705882353,
      "recall_at_10": 0.9803921568627451,
      "recall_at_20": 1,
      "precision_at_5": 0.19999999999999998,
      "mrr": 0.8941176470588237,
      "ndcg_at_10": 0.9224960525033279,
      "citation_document_accuracy": 0.8627450980392157,
      "citation_provision_accuracy": 0.8627450980392157,
      "current_law_contamination": 0,
      "unknown_repealed_warning_accuracy": 1,
      "no_answer_false_answer_rate": 0,
      "no_answer_false_noanswer_rate": 0,
      "injection_pass_rate": 0.5,
      "attack_success_rate": 0,
      "exact_provision_lookup_accuracy": 0,
      "title_document_number_accuracy": null,
      "duplicate_diversity": 0.9764705882352941,
      "latency_ms": {
        "p50": 52.274999999999636,
        "p95": 163.30079999999998,
        "p99": 197.58210000000008
      },
      "cross_tenant_leakage": null
    },
    "without_v3_trusted_metadata": {
      "query_count": 56,
      "recall_at_5": 0.9411764705882353,
      "recall_at_10": 0.9803921568627451,
      "recall_at_20": 1,
      "precision_at_5": 0.19999999999999998,
      "mrr": 0.8941176470588237,
      "ndcg_at_10": 0.9224960525033279,
      "citation_document_accuracy": 0.8627450980392157,
      "citation_provision_accuracy": 0.8627450980392157,
      "current_law_contamination": 0,
      "unknown_repealed_warning_accuracy": 1,
      "no_answer_false_answer_rate": 0,
      "no_answer_false_noanswer_rate": 0,
      "injection_pass_rate": 0.5,
      "attack_success_rate": 0,
      "exact_provision_lookup_accuracy": 0,
      "title_document_number_accuracy": null,
      "duplicate_diversity": 0.9764705882352941,
      "latency_ms": {
        "p50": 57.81410000000005,
        "p95": 173.66380000000026,
        "p99": 202.01309999999967
      },
      "cross_tenant_leakage": null
    }
  },
  "adversarial_ablation": {
    "without_sanitizer": 0,
    "without_instruction_penalty": 0,
    "without_trusted_metadata_restrictions": 0.20833333333333334
  },
  "note": "Frozen-pool ablations are neutral where required trusted provision/authority/version fields have zero coverage."
}
